seqnames	start	end	name	value	strand
chr17	57184297	57184303	SITE379	2115.1171324178576	*
chr2	68384749	68384755	SITE709	1958.3844779580832	*
chr13	114894659	114894665	SITE204	1503.0174721181393	*
chr1	110036700	110036706	SITE533	1496.1732194125652	*
chr17	61850856	61850862	SITE380	1400.4573337882757	*
chr17	80250841	80250847	SITE392	1323.9968145936728	*
chr3	99536965	99536971	SITE779	1321.5457552820444	*
chr6	90348187	90348193	SITE970	1275.3391659632325	*
chr9	130693171	130693177	SITE1159	1200.1976412981749	*
chr5	142785050	142785056	SITE919	1169.3620944619179	*
chr17	5390221	5390227	SITE343	1125.5857995450497	*
chr13	105238552	105238558	SITE199	1065.8153041042387	*
chr2	120124566	120124572	SITE722	1030.139957897365	*
chr18	19320805	19320811	SITE404	1021.1458215266466	*
chr20	37360269	37360275	SITE605	984.4838228151202	*
chr3	52232163	52232169	SITE765	960.554853439331	*
chr2	85822594	85822600	SITE716	939.0250128507614	*
chr6	31105428	31105434	SITE953	935.1199391633272	*
chr21	33245519	33245525	SITE622	928.3068316644058	*
chr1	40974644	40974650	SITE516	924.4536866098642	*
chr20	30946313	30946319	SITE600	898.0217391010374	*
chr5	68462851	68462857	SITE899	865.0882407128811	*
chr9	36258514	36258520	SITE1129	863.8938744813204	*
chr2	74734762	74734768	SITE713	853.4249511286616	*
chr19	30019488	30019494	SITE463	849.4990974478424	*
chr4	83934287	83934293	SITE840	846.5599176026881	*
chr20	26189874	26189880	SITE599_600*	843.0806530416012	*
chr6	49917583	49917589	SITE961	808.1738683432341	*
chr6	67704021	67704027	SITE964	805.8266630917788	*
chr2	43358339	43358345	SITE702	774.3783436045051	*
chr11	24518476	24518482	SITE72	769.8293509781361	*
chr7	75807507	75807513	SITE1025	762.7254463620484	*
chr14	54955826	54955832	SITE219	732.0041377954185	*
chr18	7566713	7566719	SITE396	723.6954727098346	*
chr3	98618165	98618171	SITE778	715.0233014523983	*
chrX	45366394	45366400	SITE1189	677.3538650870323	*
chr8	66546348	66546354	SITE1093	671.4443244040012	*
chrX	72783103	72783109	SITE1196	671.3612380558625	*
chr22	38864102	38864108	SITE657	651.3477336503565	*
chr19	42497856	42497862	SITE474	650.1948963459581	*
chr6	37321812	37321818	SITE956	641.0242121145129	*
chr19	41903743	41903749	SITE473	619.7124714702368	*
chr6	135819348	135819354	SITE974	611.8815512657166	*
chr17	38137473	38137479	SITE369	591.6395566612482	*
chrX	1510672	1510678	SITE1176	588.2122233062983	*
chr7	92861491	92861497	SITE1031	584.9095392674208	*
chr4	178363576	178363582	SITE871	580.9836831390858	*
chr9	130889408	130889414	SITE1160	573.9524776190519	*
chr7	99679508	99679514	SITE1034	544.7371198534966	*
chr6	149888106	149888112	SITE976	538.0486410558224	*
chr19	45932080	45932086	SITE477	530.145014859736	*
chr2	55509101	55509107	SITE708	528.7740924060345	*
chr9	29212800	29212806	SITE1123	517.713172480464	*
chr22	20850308	20850314	SITE649	497.57504361961037	*
chr12	130091881	130091887	SITE173	490.6061371192336	*
chr8	124781210	124781216	SITE1110	481.7574066966772	*
chr5	79784140	79784146	SITE903	478.6001183837652	*
chr19	2455993	2455999	SITE431	477.2291842699051	*
chr1	89458597	89458603	SITE526	473.20986521430314	*
chr1	224032648	224032654	SITE566	473.09561908617616	*
chr19	2456094	2456100	SITE432	472.3582266867161	*
chr12	22093989	22093995	SITE136	465.72167433798313	*
chr1	204380453	204380459	SITE561	458.15040397271514	*
chr9	127532106	127532112	SITE1156	452.3551058396697	*
chr6	27145367	27145373	SITE949	452.1577741354704	*
chr20	20032925	20032931	SITE594	451.3061329834163	*
chr1	9649446	9649452	SITE495	441.9173334399238	*
chr20	1207616	1207622	SITE582	433.2347790375352	*
chr2	208030728	208030734	SITE742	419.35930343158543	*
chr11	75525761	75525767	SITE101	411.1441060304642	*
chr6	144607569	144607575	SITE975	403.11585787683725	*
chr12	121975058	121975064	SITE165	394.82795808278024	*
chr11	85375655	85375661	SITE103	381.53408808261156	*
chr10	94051015	94051021	SITE40	381.49254439771175	*
chrX	53111427	53111433	SITE1191	357.06506151147187	*
chr21	46221790	46221796	SITE628	355.7148920595646	*
chr20	32032087	32032093	SITE601	351.33207142632455	*
chr19	46768784	46768790	SITE478	335.244413562119	*
chr10	3110978	3110984	SITE4	303.3287414237857	*
chr12	13154718	13154724	SITE133	299.4963658154011	*
chr8	116680632	116680638	SITE1107	294.04380341619253	*
chr20	42087118	42087124	SITE608	285.0185061208904	*
chr17	3599689	3599695	SITE339	275.20389568805695	*
chr2	5837196	5837202	SITE678	267.4145119348541	*
chr1	231004234	231004240	SITE572	258.4515377096832	*
chr1	228328081	228328087	SITE570	245.42769940942526	*
chr15	72767671	72767677	SITE272	243.6621092222631	*
chr19	10230501	10230507	SITE443	243.52709502168	*
chr2	172289898	172289904	SITE732	240.86831821128726	*
chr18	29598723	29598729	SITE408	237.80449679493904	*
chr6	75915952	75915958	SITE967	232.09228777885437	*
chrX	149862466	149862472	SITE1207	220.9067418994382	*
chr6	27661901	27661907	SITE950	217.06397984549403	*
chr2	70994548	70994554	SITE710	214.23903557658195	*
chr21	22370446	22370452	SITE620	209.6588795017451	*
chr12	102224178	102224184	SITE150	207.04164892993867	*
chr10	17658702	17658708	SITE18	202.0876047872007	*
chr18	48365047	48365053	SITE416	199.14841404557228	*
chr1	25573055	25573061	SITE508	198.17214719206095	*
chr5	136834235	136834241	SITE915	193.49851811304688	*
chr8	122709913	122709919	SITE1108	188.8041214644909	*
chrX	199322	199328	SITE1175	185.916856020689	*
chr9	91933939	91933945	SITE1144	180.84856890514493	*
chr1	167790127	167790133	SITE550	172.86185920238495	*
chr1	92198075	92198081	SITE528	171.10665433108807	*
chr15	59225290	59225296	SITE263	169.96421138197184	*
chr14	29254608	29254614	SITE210	169.18527617305517	*
chr5	39425240	39425246	SITE892	168.98794662207365	*
chr3	178866538	178866544	SITE806	154.9255197495222	*
chr6	21594705	21594711	SITE947	154.83205026667565	*
chr19	38827327	38827333	SITE469	152.44330859556794	*
chr4	156589119	156589125	SITE860	147.88392479531467	*
chr17	4939052	4939058	SITE342	145.44325194507837	*
chr17	38256405	38256411	SITE370	145.27707992494106	*
chr14	53162357	53162363	SITE216	144.58122919220477	*
chr2	43452554	43452560	SITE703	140.58268342539668	*
chr16	71929337	71929343	SITE317	140.19840493425727	*
chr15	69112121	69112127	SITE270	139.58564289286733	*
chr14	23475962	23475968	SITE208	137.09304124116898	*
chr6	16129039	16129045	SITE942	134.02921869419515	*
chr11	100558312	100558318	SITE107	133.59301382116973	*
chr11	118965050	118965056	SITE117	128.96093128994107	*
chr7	76639767	76639773	SITE1027	128.6597454994917	*
chr7	107643771	107643777	SITE1042	128.21315084025264	*
chr6	20212321	20212327	SITE945	127.59000167995691	*
chr7	92157733	92157739	SITE1030	125.27395708393306	*
chr16	1069362	1069368	SITE291	124.99354086816311	*
chr11	120196323	120196329	SITE118	124.47425025701523	*
chr5	179719535	179719541	SITE932	119.99795324727893	*
chr12	76425667	76425673	SITE147	118.4089220315218	*
chr19	2456596	2456602	SITE433	113.14330329280347	*
chr1	110527575	110527581	SITE535	110.20411238446832	*
chr1	192514432	192514438	SITE559	109.487488463521	*
chr17	20946301	20946307	SITE360	106.4236625758931	*
chr15	32908502	32908508	SITE252	105.64472724124789	*
chr2	201981075	201981081	SITE739	104.87617526575923	*
chr4	42399652	42399658	SITE832	104.22186771780252	*
chr22	20790642	20790648	SITE648	98.45773027464747	*
chr13	24734909	24734915	SITE181	98.31232701055706	*
chr10	131770793	131770799	SITE57	95.92358377017081	*
chr4	147442809	147442815	SITE855	94.42802538722754	*
chr8	22423472	22423478	SITE1071	93.84641763288528	*
chr9	70971641	70971647	SITE1137	89.82709953561425	*
chr17	37619288	37619294	SITE367	87.60453040152788	*
chr3	196594982	196594988	SITE813	86.53479024767876	*
chr10	3826316	3826322	SITE5	84.82112510502338	*
chr19	37329110	37329116	SITE468	83.48135345801711	*
chr5	11903770	11903776	SITE885	81.40418550837785	*
chr17	4269524	4269530	SITE341	78.70386829227209	*
chr22	45404965	45404971	SITE668	77.91454457957298	*
chr7	101458849	101458855	SITE1038	76.29435479734093	*
chr9	101469736	101469742	SITE1148	76.2112684994936	*
chr18	7568353	7568359	SITE397	75.45310148596764	*
chr17	80231111	80231117	SITE391	73.34477591421455	*
chr3	123012810	123012816	SITE787	72.25426448509097	*
chr1	203831426	203831432	SITE560	71.26760979741812	*
chrX	153060540	153060546	SITE1210	71.13259414676577	*
chr20	2854181	2854187	SITE585	69.65780348144472	*
chr14	63512506	63512512	SITE221	66.53166849166155	*
chr15	30919113	30919119	SITE251	66.5108959004283	*
chr7	152162009	152162015	SITE1053	64.381800239905715	*
chr10	1778785	1778791	SITE2	62.61620808020234	*
chr3	156877750	156877756	SITE799	61.993057953193784	*
chr11	67771298	67771304	SITE91	60.694828594103456	*
chr10	76584904	76584910	SITE30	60.07167736068368	*
chr14	73030662	73030668	SITE226	58.10875503718853	*
chr2	16846846	16846852	SITE686	57.45444790273905	*
chr10	6246105	6246111	SITE9	57.2259594835341	*
chr4	15004124	15004130	SITE826	54.12059328239411	*
chr2	111878648	111878654	SITE721	51.81493759062141	*
chr14	96506033	96506039	SITE242	51.3579618036747	*
chr1	181073961	181073967	SITE556	50.92175583727658	*
chr1	9711866	9711872	SITE496	49.75854162685573	*
chr15	91566017	91566023	SITE282	49.498895866796374	*
chr1	14925223	14925229	SITE499	49.478125009685755	*
chr8	17941813	17941819	SITE1067	48.065650921314955	*
chr12	8147054	8147060	SITE131	47.909863859415054	*
chr4	46995411	46995417	SITE833	47.87870579957962	*
chr19	29539059	29539065	SITE462	46.37275945395231	*
chr11	134896108	134896114	SITE125	44.5448537170887	*
chrX	48814684	48814690	SITE1190	44.20212047081441	*
chr9	14322432	14322438	SITE1122	43.900930780917406	*
chr18	60191631	60191637	SITE419	43.27778013236821	*
chr8	142284583	142284589	SITE1114	42.88311909139156	*
chr3	171757610	171757616	SITE804	42.83118966780603	*
chr12	4141320	4141326	SITE127	42.22881146706641	*
chr8	8243742	8243748	SITE1061	41.252541969530284	*
chr20	46778792	46778798	SITE614	40.95135283470154	*
chr12	1802048	1802054	SITE126	40.46321879699826	*
chr7	6496867	6496873	SITE1000	38.822256840765476	*
chr20	9789264	9789270	SITE590	38.46913858875632	*
chr5	52766595	52766601	SITE896	38.37566580623388	*
chr7	36027949	36027955	SITE1010	38.136791940778494	*
chr6	13925261	13925267	SITE939	36.53737238049507	*
chr6	53223680	53223686	SITE962	36.09078215062618	*
chr7	2767072	2767078	SITE993	35.768821058794856	*
chr6	170525020	170525026	SITE986	35.20798594132066	*
chr14	76045092	76045098	SITE232	35.02104100212455	*
chr19	40698058	40698064	SITE472	34.543292140588164	*
chr18	18598441	18598447	SITE401	34.273261277005076	*
chr20	42044140	42044146	SITE607	33.98245645686984	*
chr11	110301049	110301055	SITE108	33.785126510076225	*
chr19	12903911	12903917	SITE451	33.65010950155556	*
chr7	4317111	4317117	SITE995	33.62933851685375	*
chr1	2322834	2322840	SITE489	33.59818083792925	*
chr4	13548243	13548249	SITE825	33.41123561374843	*
chr4	2060686	2060692	SITE818	33.32814985793084	*
chr22	18483500	18483506	SITE633	32.46612527221441	*
chr14	84666111	84666117	SITE235	31.822202563285828	*
chr5	137413506	137413512	SITE916	31.593714414164424	*
chr1	208416788	208416794	SITE562	31.219824499450624	*
chr2	181602057	181602063	SITE735	30.835547741502523	*
chr8	23387051	23387057	SITE1076	30.638217210769653	*
chrX	125300078	125300084	SITE1203	30.50320169236511	*
chr18	59855025	59855031	SITE418	30.388956998474896	*
chr2	85506037	85506043	SITE715	30.05661042407155	*
chr16	89118958	89118964	SITE329	30.04622508212924	*
chr7	817123	817129	SITE989	29.620405916124582	*
chr9	38406367	38406373	SITE1130	29.391916792839766	*
chr7	101460516	101460522	SITE1039	29.38153176382184	*
chr10	135434298	135434304	SITE63	29.18420021608472	*
chr8	143011421	143011427	SITE1116	28.976483399048448	*
chr17	41091804	41091810	SITE372	28.924554772675037	*
chr3	4910263	4910269	SITE755	28.529892845079303	*
chr5	131608441	131608447	SITE912	28.457191858440638	*
chr8	89948613	89948619	SITE1101	28.124845324084163	*
chr1	112390786	112390792	SITE536	27.65748255699873	*
chr22	49363802	49363808	SITE673	27.283592296764255	*
chr3	195423806	195423812	SITE812	27.273206694051623	*
chr6	151335293	151335299	SITE978	27.242049124091864	*
chr14	60977373	60977379	SITE220	27.158962532877922	*
chr11	110582517	110582523	SITE109	27.138190467841923	*
chr11	115024364	115024370	SITE111	26.87854515388608	*
chr3	69419486	69419492	SITE771	26.681214009411633	*
chr8	125633404	125633410	SITE1111	26.577355675399303	*
chr18	28681823	28681829	SITE406	26.276165954768658	*
chrX	37004385	37004391	SITE1185	26.058063386008143	*
chr14	74347562	74347568	SITE229	26.04767778608948	*
chr18	76079795	76079801	SITE423	25.94381949864328	*
chr17	5973963	5973969	SITE344	25.902276656590402	*
chr16	84655917	84655923	SITE322	25.81918939948082	*
chr8	138973521	138973527	SITE1113	25.71533126756549	*
chr11	68868777	68868783	SITE94	25.3310553021729	*
chr8	27206049	27206055	SITE1079	25.081794882193208	*
chr1	214994573	214994579	SITE564	24.915621427819133	*
chr17	64527640	64527646	SITE385	24.749448366463184	*
chr14	69722266	69722272	SITE225	24.68713310547173	*
chr15	68634249	68634255	SITE269	24.56250339280814	*
chr6	26660160	26660166	SITE948	24.323628766462207	*
chr2	170970779	170970785	SITE730	24.23015645518899	*
chr10	114587003	114587009	SITE46	24.147069996222854	*
chr2	160261785	160261791	SITE729	24.022439774125814	*
chr9	140352619	140352625	SITE1173	24.01205346547067	*
chr5	6510134	6510140	SITE881	23.76279358100146	*
chr7	1025783	1025789	SITE991	23.710864586755633	*
chr10	24532849	24532855	SITE23	23.67970722168684	*
chr2	26711028	26711034	SITE690	23.471990786492825	*
chr17	42440935	42440941	SITE374	23.37851753924042	*
chr18	54875317	54875323	SITE417	23.30581663735211	*
chr22	25792983	25792989	SITE650	23.160415204241872	*
chr17	80472876	80472882	SITE393	23.160415111109614	*
chr7	5618649	5618655	SITE999	23.04617127776146	*
chr10	121338760	121338766	SITE49	23.035785453394055	*
chr19	33717202	33717208	SITE465	23.004627572372556	*
chr5	35881375	35881381	SITE891	22.921540984883904	*
chr7	1184486	1184492	SITE992	22.454178605228662	*
chr17	28054926	28054932	SITE362	22.31916263140738	*
chr2	109705407	109705413	SITE719	22.11144599225372	*
chr5	1895896	1895902	SITE880	22.028359355404973	*
chr14	67943833	67943839	SITE224	21.97642972972244	*
chr17	1628454	1628460	SITE337	21.893343503586948	*
chr9	35295827	35295833	SITE1127	21.820642659440637	*
chr14	26674209	26674215	SITE209	21.820642240345478	*
chr3	170671900	170671906	SITE803	21.6336976159364	*
chr1	91001317	91001323	SITE527	21.39482324477285	*
chr3	158396100	158396106	SITE800	20.896302992478013	*
chr14	53163263	53163269	SITE217	20.85475939884782	*
chr12	37947660	37947666	SITE141	20.813216305337846	*
chr1	14076182	14076188	SITE497	20.698972284793854	*
chr14	65865985	65865991	SITE223	20.667814776301384	*
chr6	40555834	40555840	SITE957	20.667814364656806	*
chr10	75913585	75913591	SITE29	20.54318442568183	*
chr15	63751300	63751306	SITE264	20.512026908807456	*
chr21	44002694	44002700	SITE627	20.46009759232402	*
chr17	76498817	76498823	SITE389	20.449711949564517	*
chr5	168271569	168271575	SITE922	20.377011336386204	*
chr3	192183791	192183797	SITE810	20.325082113035023	*
chr7	562781	562787	SITE988	20.252380835823715	*
chr8	57042810	57042816	SITE1090	20.231609413400292	*
chr7	105163488	105163494	SITE1041	20.169294709339738	*
chr10	20104702	20104708	SITE19	20.02389244455844	*
chr12	130388739	130388745	SITE174	20.023892276920378	*
chr9	138111359	138111365	SITE1168	19.8265617582947	*
chr10	133200562	133200568	SITE58	19.691546050831676	*
chr1	179872099	179872105	SITE555	19.670774339698255	*
chr19	54290898	54290904	SITE483	19.494214623235166	*
chr14	73466085	73466091	SITE228	19.161867989227176	*
chr5	76116082	76116088	SITE901	19.089167246595025	*
chr5	31338793	31338799	SITE889	19.089167108759284	*
chr7	29604607	29604613	SITE1007	19.02685230784118	*
chr8	127069061	127069067	SITE1112	18.995694912970066	*
chr8	145000227	145000233	SITE1117	18.98530922830105	*
chr17	47317274	47317280	SITE375	18.922993756830692	*
chr15	96181508	96181514	SITE285	18.777592424303293	*
chr8	31497839	31497845	SITE1080	18.715277544222772	*
chr20	24185981	24185987	SITE597	18.549103882163763	*
chr14	52030642	52030648	SITE215	18.517946334555745	*
chr6	170468676	170468682	SITE985	18.414087982848287	*
chr6	33381060	33381066	SITE954	18.382930452004075	*
chr1	74823503	74823509	SITE522	18.247914392501116	*
chr7	96793322	96793328	SITE1032	18.20637117512524	*
chr10	43964077	43964083	SITE28	18.20637101866305	*
chr22	50204398	50204404	SITE674	18.175213783048093	*
chr1	115254172	115254178	SITE538	18.13367054797709	*
chr17	20635360	20635366	SITE359	17.946725284680724	*
chr11	73310423	73310429	SITE97	17.915567758493125	*
chr11	67432764	67432770	SITE90	17.894796369597316	*
chr18	28874569	28874575	SITE407	17.832481394521892	*
chr5	29712875	29712881	SITE888	17.8220953065902	*
chr2	126059325	126059331	SITE723	17.780551817268133	*
chr7	29077119	29077125	SITE1006	17.728622895665467	*
chr12	117254880	117254886	SITE162	17.71823693625629	*
chr19	34044814	34044820	SITE466	17.66630756109953	*
chr1	69157341	69157347	SITE521	17.624764248728752	*
chr7	5411761	5411767	SITE998	17.61437849421054	*
chr8	36557134	36557140	SITE1082	17.572835275903344	*
chr3	123260227	123260233	SITE788	17.51052032597363	*
chr2	209202508	209202514	SITE743	17.39627604186535	*
chr8	80798290	80798296	SITE1098	17.385890340432525	*
chr5	53829337	53829343	SITE897	17.365118578076363	*
chr2	172173448	172173454	SITE731	17.323575139045715	*
chr9	100854204	100854210	SITE1147	17.32357490155846	*
chr1	161022559	161022565	SITE548	17.178173646330833	*
chr2	41030224	41030230	SITE701	17.126244301907718	*
chr9	132721944	132721950	SITE1161	17.11585848685354	*
chr11	43289793	43289799	SITE76	17.10547273233533	*
chr8	21829732	21829738	SITE1070	17.063929302617908	*
chr2	27889284	27889290	SITE692	17.053543373942375	*
chr12	106099130	106099136	SITE153	17.00161444582045	*
chr19	16480097	16480103	SITE455	16.8562123849988	*
chr7	907983	907989	SITE990	16.845826759003103	*
chr11	36213659	36213665	SITE75	16.752354066818953	*
chr16	81731222	81731228	SITE320	16.741968203336	*
chr11	93147623	93147629	SITE106	16.700424794107676	*
chr1	224517905	224517911	SITE567	16.64849595539272	*
chr17	29038739	29038745	SITE363	16.617338579148054	*
chr4	170625189	170625195	SITE865	16.617338499054313	*
chr18	18693797	18693803	SITE403	16.534251640550792	*
chr11	60607755	60607761	SITE81	16.503094281069934	*
chr5	178012870	178012876	SITE931	16.492708226665854	*
chr19	5650423	5650429	SITE437	16.471936585381627	*
chr12	24458594	24458600	SITE138	16.461550820618868	*
chr8	22837333	22837339	SITE1072	16.430393302813172	*
chr10	133928702	133928708	SITE59	16.4096214286983	*
chr11	46358341	46358347	SITE78	16.399235752411187	*
chr18	9988525	9988531	SITE399	16.305763002485037	*
chr11	23752065	23752071	SITE70	16.284991286695004	*
chr2	50152368	50152374	SITE706	16.2330625327304	*
chr2	228173943	228173949	SITE748	16.233062531799078	*
chr12	117254246	117254252	SITE161	16.222676577977836	*
chr4	41474673	41474679	SITE831	16.139589631929994	*
chr10	102548019	102548025	SITE43	16.12920419126749	*
chr4	187629095	187629101	SITE876	16.108432525768876	*
chr2	96039233	96039239	SITE717	16.077274682931602	*
chr22	38670923	38670929	SITE656	16.056503027677536	*
chr3	10022850	10022856	SITE756	16.035731429234147	*
chr7	51028321	51028327	SITE1015	16.025345608592033	*
chr17	17716006	17716012	SITE357	15.983802016824484	*
chr7	4034224	4034230	SITE994	15.879943910986185	*
chr9	138088938	138088944	SITE1167	15.86955817695707	*
chr8	11638129	11638135	SITE1066	15.869557921774685	*
chr12	5650794	5650800	SITE128	15.828014767728746	*
chr17	1466622	1466628	SITE336	15.734542210586369	*
chr17	7382524	7382530	SITE346	15.703384707681835	*
chr2	152093464	152093470	SITE727	15.609912346117198	*
chr10	133928737	133928743	SITE60	15.599526207894087	*
chr10	81586591	81586597	SITE34	15.568369107320905	*
chr3	88225912	88225918	SITE776	15.371037896722555	*
chr11	78953165	78953171	SITE102	15.329494698904455	*
chr17	11261739	11261745	SITE351	15.329494313336909	*
chr10	112323146	112323152	SITE45	15.277565076947212	*
chr3	81699878	81699884	SITE775	15.267179634422064	*
chr22	30718822	30718828	SITE651	15.267179381102324	*
chr5	180604196	180604202	SITE934	15.204864429309964	*
chr14	33637145	33637151	SITE211	15.194478683173656	*
chr1	110319091	110319097	SITE534	15.132163632661104	*
chr17	48667434	48667440	SITE377	15.111391783691943	*
chr2	182690440	182690446	SITE736	15.101005963049829	*
chr2	26280554	26280560	SITE689	15.069848790764809	*
chr10	133928772	133928778	SITE61	14.997147692367435	*
chr20	20219251	20219257	SITE595	14.997147658839822	*
chr11	73245510	73245516	SITE96	14.986761938780546	*
chr16	16129931	16129937	SITE297	14.9763762075454	*
chr19	39541426	39541432	SITE470	14.965990325435996	*
chr10	126542537	126542543	SITE53	14.945218401029706	*
chr8	123687751	123687757	SITE1109	14.893289344385266	*
chr10	37792644	37792650	SITE26	14.799816750921309	*
chr8	83609511	83609517	SITE1100	14.695958630181849	*
chr9	112542352	112542358	SITE1149	14.685572741553187	*
chr15	20469283	20469289	SITE248	14.664800951257348	*
chr12	28128715	28128721	SITE139	14.612871875986457	*
chr5	125195584	125195590	SITE910	14.612871710211039	*
chr1	58453601	58453607	SITE520	14.602485856972635	*
chr12	111294993	111294999	SITE156	14.571328456513584	*
chr19	44207799	44207805	SITE475	14.560942674055696	*
chr3	121747133	121747139	SITE785	14.477855835109949	*
chr12	122942047	122942053	SITE167	14.467470318078995	*
chr19	58316917	58316923	SITE484	14.467470092698932	*
chr3	192547182	192547188	SITE811	14.42592692002654	*
chr7	97998240	97998246	SITE1033	14.425926889292896	*
chr10	23729109	23729115	SITE22	14.405155065469444	*
chr9	13032822	13032828	SITE1120	14.363611652515829	*
chr7	156882522	156882528	SITE1057	14.353226007893682	*
chr18	43167015	43167021	SITE413	14.197438355535269	*
chr19	10577236	10577242	SITE445	14.187052575871348	*
chr11	74938448	74938454	SITE99	14.09358005784452	*
chr4	25386106	25386112	SITE828	14.083194049075246	*
chr15	38961232	38961238	SITE253	14.041650872677565	*
chr21	33986866	33986872	SITE624	13.989721749909222	*
chr5	134735318	134735324	SITE914	13.927406407892704	*
chr18	44499562	44499568	SITE414	13.8443199461326	*
chr18	77215277	77215283	SITE424	13.813162395730615	*
chr1	15480344	15480350	SITE501	13.730075797997415	*
chr4	148449724	148449730	SITE857	13.667760574258864	*
chr5	21446123	21446129	SITE886	13.657375102862716	*
chr3	146924499	146924505	SITE796	13.63660320919007	*
chr1	120269170	120269176	SITE540	13.605446010828018	*
chr10	38899911	38899917	SITE27*	13.563902357593179	*
chr1	27536621	27536627	SITE511	13.522358856163919	*
chr6	10212185	10212191	SITE938	13.501587219536304	*
chr2	135104568	135104574	SITE725	13.47042986098677	*
chr7	5387536	5387542	SITE997	13.449657974764705	*
chr15	29621517	29621523	SITE250	13.408114943653345	*
chr6	41339237	41339243	SITE958	13.397728843614459	*
chr3	133720767	133720773	SITE794	13.38734327815473	*
chr2	20869469	20869475	SITE688	13.335413871333003	*
chr3	185575505	185575511	SITE808	13.325028037652373	*
chr1	3103044	3103050	SITE491	13.304256317205727	*
chr19	18146828	18146834	SITE458	13.283484659157693	*
chr10	34486720	34486726	SITE25	13.231555668637156	*
chr5	87975798	87975804	SITE907	13.19001212157309	*
chr2	34100272	34100278	SITE698	13.106925409287214	*
chr12	121765828	121765834	SITE164	13.09653949830681	*
chr5	177811239	177811245	SITE929	13.065382070839405	*
chr2	236726485	236726491	SITE750	13.013452890329063	*
chr20	9818644	9818650	SITE591	12.971909795887768	*
chr12	6729594	6729600	SITE130	12.951137999072671	*
chr19	12690871	12690877	SITE450	12.909594464115798	*
chr20	45617123	45617129	SITE612	12.847279607318342	*
chr8	97556739	97556745	SITE1103	12.816122209653258	*
chr7	122810871	122810877	SITE1044	12.764192948117852	*
chr5	7718406	7718412	SITE883	12.733035523444414	*
chr1	160218443	160218449	SITE546	12.712263687513769	*
chr1	87615693	87615699	SITE524	12.701877892017365	*
chr15	83317064	83317070	SITE278	12.691492171958089	*
chr15	41572775	41572781	SITE257	12.62917715869844	*
chr4	48496657	48496663	SITE834	12.61879129242152	*
chr10	100152743	100152749	SITE41	12.618791174143553	*
chr10	123279676	123279682	SITE50	12.587633807212114	*
chr18	24437353	24437359	SITE405	12.57724794652313	*
chr19	854524	854530	SITE425	12.566861907020211	*
chr8	53851156	53851162	SITE1087	12.525318711064756	*
chr1	186319947	186319953	SITE557	12.51493286434561	*
chr1	21186155	21186161	SITE506	12.473389871418476	*
chr22	19061713	19061719	SITE634	12.473389574326575	*
chr15	41262277	41262283	SITE256	12.327987797558308	*
chr9	32528800	32528806	SITE1124	12.244901183992624	*
chr16	88894374	88894380	SITE328	12.16181434225291	*
chr2	174197086	174197092	SITE733	12.151428584940732	*
chr16	1259313	1259319	SITE292	12.151428394019604	*
chr7	100990978	100990984	SITE1037	12.099499206990004	*
chr3	197309773	197309779	SITE815	11.954097730107605	*
chr2	97169737	97169743	SITE718	11.912554390728474	*
chr15	72752934	72752940	SITE271	11.912554343231022	*
chr16	30021521	30021527	SITE308	11.902168774977326	*
chr1	226819120	226819126	SITE569	11.902168482542038	*
chr3	150102527	150102533	SITE797	11.881396712735295	*
chr13	76091260	76091266	SITE191	11.871011124923825	*
chr14	75625577	75625583	SITE231	11.81908182054758	*
chr17	21837290	21837296	SITE361	11.798310235142708	*
chr22	39919748	39919754	SITE658	11.787924111820757	*
chr19	46918205	46918211	SITE479	11.756766715086997	*
chr14	82890477	82890483	SITE234	11.715223285369575	*
chr14	73359610	73359616	SITE227	11.704837553203106	*
chr3	183292285	183292291	SITE807	11.704837539233267	*
chr4	88347799	88347805	SITE841	11.694451902993023	*
chr11	63660130	63660136	SITE84	11.642522705718875	*
chrX	138496733	138496739	SITE1205	11.632136819884181	*
chr14	42590599	42590605	SITE213	11.6321368124336	*
chr2	32047834	32047840	SITE694	11.6113649206236	*
chr5	177853505	177853511	SITE930	11.600979216396809	*
chr5	56477218	56477224	SITE898	11.569821768440306	*
chr20	61771297	61771303	SITE617	11.528278198093176	*
chr5	75343653	75343659	SITE900	11.49712082464248	*
chr12	125454581	125454587	SITE171	11.486735137179494	*
chr1	171358840	171358846	SITE551	11.476349299773574	*
chr5	147853858	147853864	SITE920	11.476349237374961	*
chr17	11408484	11408490	SITE352	11.39326252695173	*
chr1	221043989	221043995	SITE565	11.341333348304033	*
chr7	44755460	44755466	SITE1014	11.299789970740676	*
chr1	162982532	162982538	SITE549	11.247860759496689	*
chr6	158934312	158934318	SITE979	11.185545802116394	*
chr3	49245269	49245275	SITE764	11.175159866921604	*
chr10	13252116	13252122	SITE13	11.112844961695373	*
chr19	2143716	2143722	SITE429	11.102459251880646	*
chr1	112686608	112686614	SITE537	11.10245906189084	*
chr1	36417810	36417816	SITE514	11.04014422558248	*
chr11	118481891	118481897	SITE116	11.040144016966224	*
chr10	118277385	118277391	SITE47	10.988214963115752	*
chr4	28903750	28903756	SITE829	10.97782891523093	*
chr14	53245510	53245516	SITE218	10.936285794712603	*
chr20	36312839	36312845	SITE604	10.925899909809232	*
chr2	211351297	211351303	SITE744	10.884356613270938	*
chr2	204435910	204435916	SITE740	10.884356500580907	*
chrX	8069155	8069161	SITE1178	10.87397065013647	*
chr15	75248367	75248373	SITE275	10.811655761674047	*
chr2	8581832	8581838	SITE680	10.80126990750432	*
chr16	1543501	1543507	SITE293	10.790883975103498	*
chr12	112664924	112664930	SITE159	10.780498260632157	*
chr8	142610665	142610671	SITE1115	10.738954799249768	*
chr10	125284500	125284506	SITE51	10.718183105811477	*
chr13	78401009	78401015	SITE192	10.655868222936988	*
chr2	76071404	76071410	SITE714	10.655867953784764	*
chr2	5582519	5582525	SITE677	10.572781564667821	*
chr10	105632743	105632749	SITE44	10.562395590357482	*
chr1	44878963	44878969	SITE518	10.552009737119079	*
chr1	92384113	92384119	SITE530	10.520852273330092	*
chr21	33887521	33887527	SITE623	10.510466512292624	*
chr10	29354274	29354280	SITE24	10.489694593474269	*
chr13	24731500	24731506	SITE180	10.46892311424017	*
chr5	32089797	32089803	SITE890	10.437765588983893	*
chr2	19064100	19064106	SITE687	10.406607937067747	*
chr5	1088442	1088448	SITE878	10.344293128699064	*
chr1	150766140	150766146	SITE542	10.313135507516563	*
chr2	27157391	27157397	SITE691	10.281978091225028	*
chr8	71192602	71192608	SITE1094	10.281978007405996	*
chr5	23619121	23619127	SITE887	10.25082053989172	*
chr22	40139830	40139836	SITE660	10.188505531288683	*
chr6	72889449	72889455	SITE965	10.157347854226828	*
chr8	56684126	56684132	SITE1089	10.11580472625792	*
chr19	11752779	11752785	SITE449	10.105418697930872	*
chr1	171883360	171883366	SITE552	10.084647191688418	*
chr5	43041613	43041619	SITE893	10.084647003561258	*
chr2	72539834	72539840	SITE712	10.043103815987706	*
chr10	131591062	131591068	SITE56	10.011946187354624	*
chr14	44126372	44126378	SITE214	9.980788852088153	*
chr19	47605075	47605081	SITE481	9.980788752436638	*
chr10	101296391	101296397	SITE42	9.960016985423863	*
chr16	16672110	16672116	SITE299	9.949631342664361	*
chr1	38721241	38721247	SITE515	9.897702055051923	*
chr14	101556275	101556281	SITE244	9.866544583812356	*
chr9	81386154	81386160	SITE1140	9.825001111254096	*
chr2	219124823	219124829	SITE745	9.804229632019997	*
chr10	15061203	15061209	SITE16	9.804229565896094	*
chr3	125048487	125048493	SITE789	9.804229551926255	*
chr17	47968359	47968365	SITE376	9.804229526780546	*
chr3	128209902	128209908	SITE791	9.783457959070802	*
chr7	17402313	17402319	SITE1002	9.783457951620221	*
chr16	23354731	23354737	SITE303	9.783457718789577	*
chr17	38024390	38024396	SITE368	9.762686119414866	*
chr11	67789326	67789332	SITE92	9.741914514452219	*
chr11	75108760	75108766	SITE100	9.721142902038991	*
chr17	29249038	29249044	SITE364	9.700371243059635	*
chr7	37487463	37487469	SITE1011	9.65882783010602	*
chr21	47249894	47249900	SITE630	9.638056172057986	*
chr17	18057100	18057106	SITE358	9.60689877718687	*
chr9	78867134	78867140	SITE1139	9.596512662246823	*
chr2	12223636	12223642	SITE685	9.523812092840672	*
chr11	31818967	31818973	SITE73	9.523812003433704	*
chr16	74914940	74914946	SITE319	9.451111191883683	*
chr12	43018929	43018935	SITE142	9.451111176982522	*
chr11	65217505	65217511	SITE88	9.409567755647004	*
chr3	164386121	164386127	SITE801	9.409567696973681	*
chr1	5981720	5981726	SITE493	9.39918186236173	*
chr1	175568614	175568620	SITE553	9.347252640873194	*
chr18	62726997	62727003	SITE420	9.326481215655804	*
chr7	152781585	152781591	SITE1054	9.326481154188514	*
chr22	43507605	43507611	SITE666	9.316095428541303	*
chr10	8546515	8546521	SITE10	9.31609529349953	*
chr11	1256408	1256414	SITE64	9.30570933688432	*
chr3	105660789	105660795	SITE780	9.243394369259477	*
chr15	40223421	40223427	SITE254	9.108378588221967	*
chr7	51270688	51270694	SITE1016	9.108378523029387	*
chr14	21557255	21557261	SITE207	9.108378510922194	*
chr4	92107242	92107248	SITE842	9.09799275174737	*
chr8	1380949	1380955	SITE1059	9.09799275174737	*
chr20	597024	597030	SITE580	9.066835010424256	*
chr4	177412257	177412263	SITE870	9.066834971308708	*
chr20	4667508	4667514	SITE586	9.035677775740623	*
chr5	11005390	11005396	SITE884	9.025291733443737	*
chr14	36922623	36922629	SITE212	9.01490598730743	*
chr2	235609952	235609958	SITE749	8.973362592980266	*
chr5	87971907	87971913	SITE906	8.973362486809492	*
chr19	35589369	35589375	SITE467	8.93181922659278	*
chr22	37952480	37952486	SITE655	8.911047695204616	*
chr1	94893269	94893275	SITE532	8.900661766529083	*
chr1	1110920	1110926	SITE486	8.900661727413535	*
chr9	117181719	117181725	SITE1151	8.890276000835001	*
chr2	144577590	144577596	SITE726	8.869504311122	*
chr6	106408623	106408629	SITE972	8.848732557147741	*
chr20	888119	888125	SITE581	8.827960840426385	*
chr17	33271895	33271901	SITE365	8.796803367324173	*
chr7	134132761	134132767	SITE1050	8.786417657509446	*
chr20	42969396	42969402	SITE610	8.786417657509446	*
chr12	112507800	112507806	SITE158	8.786417655646801	*
chr17	64831512	64831518	SITE386	8.78641752898693	*
chr20	59953084	59953090	SITE616	8.765645889565349	*
chr15	40803649	40803655	SITE255	8.755260094068944	*
chr8	25867193	25867199	SITE1077	8.734488458372653	*
chr18	2853332	2853338	SITE394	8.724102614447474	*
chr4	4855815	4855821	SITE821	8.713716650381684	*
chr17	132861	132867	SITE331	8.713716588914394	*
chr1	2985157	2985163	SITE490	8.703330909833312	*
chr7	84516301	84516307	SITE1028	8.703330808319151	*
chr1	241052318	241052324	SITE576	8.692945063114166	*
chr2	238457472	238457478	SITE752	8.692944914102554	*
chr19	33504843	33504849	SITE464	8.66178753785789	*
chr7	104678872	104678878	SITE1040	8.620244273915887	*
chr17	1695399	1695405	SITE338	8.620244273915887	*
chr7	148064822	148064828	SITE1052	8.60985831078142	*
chr18	18680857	18680863	SITE402	8.568314988166094	*
chr2	47286223	47286229	SITE704	8.557929162867367	*
chr2	32579373	32579379	SITE697	8.537157599814236	*
chr22	46824242	46824248	SITE670	8.537157582119107	*
chr2	71116190	71116196	SITE711	8.516385909169912	*
chr12	116709381	116709387	SITE160	8.464456701651216	*
chr8	8275357	8275363	SITE1062	8.412527544423938	*
chr21	28218684	28218690	SITE621	8.402141688391566	*
chr7	56143782	56143788	SITE1018	8.31905497610569	*
chr3	110070237	110070243	SITE782	8.298283400014043	*
chr10	12279496	12279502	SITE12	8.287897520698607	*
chr15	65008642	65008648	SITE265	8.267125643789768	*
chr22	49002522	49002528	SITE672	8.25673986133188	*
chr9	100218354	100218360	SITE1146	8.225582487881184	*
chr17	13468103	13468109	SITE354	8.111338144168258	*
chr21	46777456	46777462	SITE629	8.090566526167095	*
chr1	246118790	246118796	SITE579	8.08018077723682	*
chr6	168502477	168502483	SITE984	8.08018077723682	*
chrX	15706824	15706830	SITE1180	8.08018077723682	*
chr7	32260380	32260386	SITE1009	8.069794829934835	*
chr8	100708289	100708295	SITE1104	8.04902325104922	*
chr1	213401851	213401857	SITE563	8.03863743133843	*
chr7	99685283	99685289	SITE1035	8.03863743133843	*
chrX	106929792	106929798	SITE1199	8.03863743133843	*
chr20	42665657	42665663	SITE609	8.02825153246522	*
chr2	9589505	9589511	SITE682	8.017865790054202	*
chr9	135092118	135092124	SITE1164	8.017865655943751	*
chr3	48941900	48941906	SITE762	7.98670821916312	*
chr4	139403395	139403401	SITE853	7.976322412490845	*
chr13	20334618	20334624	SITE176	7.976322216913104	*
chr16	90056688	90056694	SITE330	7.965936535038054	*
chr5	1628178	1628184	SITE879	7.893235720694065	*
chr3	69095210	69095216	SITE770	7.862078204751015	*
chr2	174412257	174412263	SITE734	7.862078110687435	*
chr20	34424867	34424873	SITE602	7.83092070184648	*
chr14	81573157	81573163	SITE233	7.810149099677801	*
chr9	139159757	139159763	SITE1170	7.810148914344609	*
chr1	18673161	18673167	SITE503	7.7893773559480906	*
chr5	137917556	137917562	SITE917	7.768605682998896	*
chr7	75185940	75185946	SITE1024	7.768605682998896	*
chr22	45942725	45942731	SITE669	7.747833808884025	*
chr11	24225088	24225094	SITE71	7.716676500625908	*
chr11	116277761	116277767	SITE113	7.695904763415456	*
chr14	85637677	85637683	SITE236	7.685518943704665	*
chr8	38175605	38175611	SITE1083	7.6855188477784395	*
chr10	91464376	91464382	SITE37	7.675133143551648	*
chr17	75322580	75322586	SITE388	7.612818064168096	*
chr9	5886840	5886846	SITE1119	7.581660537049174	*
chr1	27503629	27503635	SITE510	7.571274693123996	*
chr4	53571350	53571356	SITE835	7.560888951644301	*
chr15	45507495	45507501	SITE258	7.540117280557752	*
chr8	111359032	111359038	SITE1106	7.5297313909977674	*
chr20	50798588	50798594	SITE615	7.519345678389072	*
chr15	98579616	98579622	SITE286	7.508959643542767	*
chr7	38562658	38562664	SITE1012	7.498573778197169	*
chr12	23563380	23563386	SITE137	7.477802261710167	*
chr14	104386226	104386232	SITE245	7.4778021005913615	*
chr1	27899346	27899352	SITE513	7.467416347935796	*
chr4	76862194	76862200	SITE839	7.467416329309344	*
chr4	39792373	39792379	SITE830	7.45703049749136	*
chr12	13310605	13310611	SITE134	7.4362588580697775	*
chr2	8842250	8842256	SITE681	7.415487242862582	*
chr5	51483495	51483501	SITE895	7.415487242862582	*
chr12	21220308	21220314	SITE135	7.415487242862582	*
chr8	145044552	145044558	SITE1118	7.415487195365131	*
chr9	13860495	13860501	SITE1121	7.405101406387985	*
chr6	37076151	37076157	SITE955	7.342786220833659	*
chr1	151660374	151660380	SITE543	7.311628729104996	*
chr22	47328530	47328536	SITE671	7.290857180021703	*
chr18	29701048	29701054	SITE410	7.280471368692815	*
chr1	159854304	159854310	SITE545	7.249313859269023	*
chr17	8904667	8904673	SITE349	7.218156348913908	*
chr4	148625337	148625343	SITE858	7.207770513370633	*
chr8	59874149	59874155	SITE1092	7.207770513370633	*
chr3	52738425	52738431	SITE766	7.186998840421438	*
chr22	20715396	20715402	SITE646	7.186998776160181	*
chr9	35910390	35910396	SITE1128	7.135069658048451	*
chr5	96435491	96435497	SITE909	7.13506958540529	*
chr6	3070734	3070740	SITE935	7.114297972992063	*
chr15	65684561	65684567	SITE266	7.103912104852498	*
chr9	132810545	132810551	SITE1162	7.093526413664222	*
chr8	23342000	23342006	SITE1075	7.0935263112187386	*
chr16	66747553	66747559	SITE312	7.051982966251671	*
chr7	25771861	25771867	SITE1004	7.031211243011057	*
chr12	123025654	123025660	SITE168	7.031211229972541	*
chr1	233859747	233859753	SITE573	7.020825456827879	*
chr11	133374960	133374966	SITE124	6.989667784422636	*
chr1	117399431	117399437	SITE539	6.979282087646425	*
chr10	130854533	130854539	SITE55	6.979282055981457	*
chr11	46486544	46486550	SITE79	6.958510437980294	*
chr7	127744301	127744307	SITE1046	6.937738673761487	*
chr11	63714747	63714753	SITE85	6.927352813072503	*
chr5	44390410	44390416	SITE894	6.916967092081904	*
chr10	81507306	81507312	SITE32_33*	6.885809582658112	*
chr4	187246888	187246894	SITE875	6.875423746183515	*
chr11	14509171	14509177	SITE69	6.865037879906595	*
chr18	30575129	30575135	SITE411	6.844266236759722	*
chr10	14979172	14979178	SITE15	6.833880400285125	*
chr2	224360832	224360838	SITE747	6.833880347199738	*
chr2	32392207	32392213	SITE696	6.833880272693932	*
chr14	96160266	96160272	SITE241	6.833880249410868	*
chr5	7459962	7459968	SITE882	6.81310872733593	*
chr12	121402921	121402927	SITE163	6.81310872733593	*
chr10	6017724	6017730	SITE8	6.802722739055753	*
chr4	185607018	185607024	SITE873	6.792337050661445	*
chr2	242445792	242445798	SITE753	6.761179443448782	*
chr15	90829250	90829256	SITE280	6.730022091418505	*
chr19	7690427	7690433	SITE441	6.709250362589955	*
chr15	53489277	53489283	SITE261	6.68847868964076	*
chr19	16447895	16447901	SITE454	6.68847868964076	*
chr1	237291552	237291558	SITE574	6.678092853166163	*
chr2	243030566	243030572	SITE754	6.605391880497336	*
chr16	88522375	88522381	SITE326	6.574234442785382	*
chr4	55071294	55071300	SITE836	6.563848651945591	*
chr4	102268589	102268595	SITE845	6.563848474062979	*
chr3	13138714	13138720	SITE757	6.543077044188976	*
chr6	111223321	111223327	SITE973	6.532691032625735	*
chr22	43297680	43297686	SITE663	6.511919368989766	*
chr19	47896003	47896009	SITE482	6.501533633098006	*
chr9	139093697	139093703	SITE1169	6.491147709079087	*
chr4	64344555	64344561	SITE837	6.480761960148811	*
chr10	21853703	21853709	SITE20	6.480761960148811	*
chr22	43443118	43443124	SITE664	6.480761960148811	*
chr15	67823141	67823147	SITE268	6.480761785060167	*
chr11	67992298	67992304	SITE93	6.459990287199616	*
chr4	185018017	185018023	SITE872	6.4392186142504215	*
chr12	103497641	103497647	SITE151	6.428832728415728	*
chr4	170974965	170974971	SITE866	6.408060971647501	*
chr8	18932193	18932199	SITE1068	6.397675268352032	*
chr17	64395279	64395285	SITE384	6.397675141692162	*
chr12	93846394	93846400	SITE148	6.387289400212467	*
chr17	1464278	1464284	SITE335	6.366517667658627	*
chr15	93659198	93659204	SITE284	6.356131922453642	*
chr6	163681259	163681265	SITE982	6.356131816282868	*
chr1	160851856	160851862	SITE547	6.345746085979044	*
chr9	86561088	86561094	SITE1141	6.345746082253754	*
chr7	90869683	90869689	SITE1029	6.345746077597141	*
chr18	12584841	12584847	SITE400	6.335360134020448	*
chr19	5735376	5735382	SITE439	6.314588576555252	*
chr17	62285158	62285164	SITE382	6.314588511362672	*
chrX	15334659	15334665	SITE1179	6.293816903606057	*
chr7	64300500	64300506	SITE1019	6.252273557707667	*
chr3	143186015	143186021	SITE795	6.2315018847584724	*
chr1	87474764	87474770	SITE523	6.221116026863456	*
chr15	102101919	102101925	SITE288	6.210730113089085	*
chr10	125769120	125769126	SITE52	6.20034440420568	*
chr5	175758323	175758329	SITE927	6.189958630129695	*
chr1	244679403	244679409	SITE578	6.179572702385485	*
chr8	10971520	10971526	SITE1064	6.127643520012498	*
chr6	164288930	164288936	SITE983	6.1172576835379004	*
chr7	27781182	27781188	SITE1005	6.117257568053901	*
chrX	39949865	39949871	SITE1187	6.106871847063303	*
chr3	54351627	54351633	SITE767	6.0964860105887055	*
chr12	128340814	128340820	SITE172	6.086100119166076	*
chr18	45028396	45028402	SITE415	6.054942664690316	*
chr13	24673016	24673022	SITE179	6.044556828215718	*
chr12	106938635	106938641	SITE154	6.0341709442436695	*
chr7	155632332	155632338	SITE1056	6.023785155266523	*
chr13	26374831	26374837	SITE182	6.013399300165474	*
chr7	4722130	4722136	SITE996	6.003013461828232	*
chr4	150073922	150073928	SITE859	5.971855972893536	*
chr1	229543444	229543450	SITE571	5.919926675967872	*
chr2	237051205	237051211	SITE751	5.86799743399024	*
chr6	15088872	15088878	SITE941	5.857611635699868	*
chr3	129662675	129662681	SITE793	5.816068425774574	*
chr16	977690	977696	SITE290	5.816068422049284	*
chr10	118392114	118392120	SITE48	5.701824224554002	*
chr20	45280066	45280072	SITE611	5.67066671513021	*
chr22	20715261	20715267	SITE645	5.67066671513021	*
chr22	37782533	37782539	SITE654	5.67066671513021	*
chr5	140731944	140731950	SITE918	5.649894934147596	*
chr4	95205428	95205434	SITE843	5.62912336923182	*
chr5	126128331	126128337	SITE911	5.6187374740839005	*
chr22	43454763	43454769	SITE665	5.5460366774350405	*
chr20	8314806	8314812	SITE588	5.525265004485846	*
chr20	14142285	14142291	SITE593	5.504493331536651	*
chrX	30706569	30706575	SITE1184	5.483721658587456	*
chr2	32374405	32374411	SITE695	5.462949943728745	*
chr14	91517895	91517901	SITE237	5.452564032748342	*
chr14	105473882	105473888	SITE247	5.442178312689066	*
chrX	17710471	17710477	SITE1182	5.442178312689066	*
chr11	4030475	4030481	SITE65	5.411020803265274	*
chr3	150364521	150364527	SITE798	5.400634966790676	*
chr3	88244673	88244679	SITE777	5.400634907186031	*
chr11	130201530	130201536	SITE123	5.390249085612595	*
chr7	129912560	129912566	SITE1048	5.379863293841481	*
chr3	49223899	49223905	SITE763	5.36947738006711	*
chr1	19973092	19973098	SITE505	5.348705695942044	*
chr17	62241748	62241754	SITE381	5.338319947943091	*
chr4	189069819	189069825	SITE877	5.3175482749938965	*
chr6	45290398	45290404	SITE959	5.296776602044702	*
chr6	150663047	150663053	SITE977	5.296776602044702	*
chr10	79716724	79716730	SITE31	5.296776602044702	*
chr19	1624907	1624913	SITE428	5.276004929095507	*
chr3	57182133	57182139	SITE768	5.265619092620909	*
chr8	23119262	23119268	SITE1074	5.255233256146312	*
chr21	34835169	34835175	SITE625	5.244847264140844	*
chr11	123612397	123612403	SITE121	5.203304037451744	*
chr7	78430	78436	SITE987	5.1825322937220335	*
chr12	6317800	6317806	SITE129	5.172146551311016	*
chr4	164265093	164265099	SITE863	5.172146414406598	*
chr12	32683948	32683954	SITE140	5.130603218451142	*
chr20	21050112	21050118	SITE596	5.130603218451142	*
chr15	58425980	58425986	SITE262	5.130603116005659	*
chr19	39830295	39830301	SITE471	5.09944570902735	*
chr16	29646157	29646163	SITE306	5.0890598725527525	*
chr20	35311970	35311976	SITE603	5.089059823192656	*
chr11	116068501	116068507	SITE112	5.068288199603558	*
chr3	117211710	117211716	SITE783	5.05790239572525	*
chr4	128980740	128980746	SITE850	5.026744837872684	*
chr8	103728904	103728910	SITE1105	5.026744810864329	*
chr18	8968917	8968923	SITE398	5.005973180755973	*
chr3	128400495	128400501	SITE792	4.995587344281375	*
chr8	58004471	58004477	SITE1091	4.995587344281375	*
chr16	29660753	29660759	SITE307	4.985201507806778	*
chr9	35124868	35124874	SITE1126	4.974815686233342	*
chr11	71290390	71290396	SITE95	4.9748156713321805	*
chr19	10044294	10044300	SITE442	4.964429834857583	*
chr10	93688471	93688477	SITE39	4.964429810643196	*
chr2	11935395	11935401	SITE684	4.954043998382986	*
chr1	2152682	2152688	SITE488	4.933272325433791	*
chr6	161320209	161320215	SITE981	4.922886488959193	*
chrX	99978235	99978241	SITE1197	4.922886488959193	*
chr6	14519312	14519318	SITE940	4.912500652484596	*
chr2	109837988	109837994	SITE720	4.891728979535401	*
chr11	110756253	110756259	SITE110	4.891728979535401	*
chr16	3758879	3758885	SITE294	4.891728933900595	*
chr22	40955648	40955654	SITE661	4.891728922724724	*
chr12	70677779	70677785	SITE145	4.881343143060803	*
chr7	18316858	18316864	SITE1003	4.85018568392843	*
chr17	80044873	80044879	SITE390	4.850185633637011	*
chr6	78173196	78173202	SITE968	4.839799796231091	*
chr17	7454149	7454155	SITE347	4.82941384986043	*
chr11	63817434	63817440	SITE86	4.808642287738621	*
chr16	74526910	74526916	SITE318	4.808642287738621	*
chr15	66813467	66813473	SITE267	4.808642259798944	*
chr3	69558404	69558410	SITE772	4.777484778314829	*
chr19	46920934	46920940	SITE480	4.6840121522545815	*
chr21	18785466	18785472	SITE619	4.663240579888225	*
chr7	76149832	76149838	SITE1026	4.632083001546562	*
chr7	100731573	100731579	SITE1036	4.63208295404911	*
chr9	115217463	115217469	SITE1150	4.61131139472127	*
chr19	2302878	2302884	SITE430	4.600925558246672	*
chr6	29230161	29230167	SITE952	4.5905396938323975	*
chr7	73099560	73099566	SITE1023	4.580153885297477	*
chr19	10557637	10557643	SITE444	4.56976804882288	*
chr1	17410231	17410237	SITE502	4.52822470292449	*
chr16	19911865	19911871	SITE301	4.52822470292449	*
chr12	11618357	11618363	SITE132	4.528224696405232	*
chr12	54424770	54424776	SITE144	4.5178388664498925	*
chr11	65130521	65130527	SITE87	4.51783877145499	*
chr3	119292117	119292123	SITE784	4.455523847602308	*
chr5	90846066	90846072	SITE908	4.455523847602308	*
chr11	116340762	116340768	SITE114	4.455523799173534	*
chr1	26902624	26902630	SITE509	4.413980501703918	*
chr4	133473126	133473132	SITE851	4.4035946652293205	*
chr7	39625649	39625655	SITE1013	4.362051319330931	*
chr13	30171444	30171450	SITE184	4.362051263451576	*
chr4	109515707	109515713	SITE847	4.330893809907138	*
chrX	153718879	153718885	SITE1212	4.330893809907138	*
chr13	71164271	71164277	SITE188	4.320507973432541	*
chr5	134183048	134183054	SITE913	4.310122136957943	*
chr9	135620947	135620953	SITE1165	4.2893504640087485	*
chr22	36488424	36488430	SITE653	4.2789645893499255	*
chr6	45364903	45364909	SITE960	4.268578791059554	*
chr9	118725711	118725717	SITE1153	4.258192954584956	*
chr16	18786834	18786840	SITE300	4.258192954584956	*
chr17	15362821	15362827	SITE356	4.258192954584956	*
chr22	42918744	42918750	SITE662	4.1958778742700815	*
chr8	356700	356706	SITE1058	4.185492099262774	*
chr2	40679438	40679444	SITE700	4.185491979122162	*
chr9	97719552	97719558	SITE1145	4.1751062627881765	*
chr17	10687018	10687024	SITE350	4.1751062627881765	*
chr4	15930956	15930962	SITE827	4.154334589838982	*
chr14	75428966	75428972	SITE230	4.154334589838982	*
chr11	74411915	74411921	SITE98	4.133562916889787	*
chr12	105146368	105146374	SITE152	4.123177080415189	*
chr6	28707219	28707225	SITE951	4.112791243940592	*
chr4	174449580	174449586	SITE868	4.092019564472139	*
chr2	206617404	206617410	SITE741	4.071247898042202	*
chr11	43603063	43603069	SITE77	4.050476225093007	*
chr19	947590	947596	SITE427	4.008932879194617	*
chrX	72668451	72668457	SITE1195	3.9258461873978376	*
chr1	178803975	178803981	SITE554	3.884302841499448	*
chr6	53596170	53596176	SITE963	3.884302841499448	*
chr1	92371826	92371832	SITE529	3.8739170003682375	*
chr10	10549070	10549076	SITE11	3.8739169500768185	*
chr3	197043185	197043191	SITE814	3.842759495601058	*
chr12	123704691	123704697	SITE169	3.8323736591264606	*
chr16	56966410	56966416	SITE311	3.8323735697194934	*
chr1	150468258	150468264	SITE541	3.8116019861772656	*
chr20	46560255	46560261	SITE613	3.7804444767534733	*
chr11	66326605	66326611	SITE89	3.7596728038042784	*
chr1	242687779	242687785	SITE577	3.749286967329681	*
chr8	26704239	26704245	SITE1078	3.749286967329681	*
chr12	124894805	124894811	SITE170	3.728515294380486	*
chr12	122258888	122258894	SITE166	3.666200267150998	*
chr14	63864170	63864176	SITE222	3.6662002289667726	*
chr12	109550435	109550441	SITE155	3.655814439058304	*
chr1	226135993	226135999	SITE568	3.635042766109109	*
chr11	62455313	62455319	SITE83	3.6350427456200123	*
chr13	100953112	100953118	SITE198	3.5831135837361217	*
chr9	88137879	88137885	SITE1142	3.572727747261524	*
chr19	3423404	3423410	SITE435	3.572727747261524	*
chr9	34550258	34550264	SITE1125	3.520798564888537	*
chr16	71523432	71523438	SITE316	3.520798564888537	*
chr11	92486001	92486007	SITE105	3.5207984736189246	*
chr9	135054913	135054919	SITE1163	3.5104127284139395	*
chr15	92396939	92396945	SITE283	3.500026891939342	*
chr7	51308306	51308312	SITE1017	3.4896410554647446	*
chr13	20148073	20148079	SITE175	3.4896410554647446	*
chr2	200323463	200323469	SITE738	3.458483546040952	*
chr19	19624979	19624985	SITE459	3.4480977095663548	*
chr1	44482775	44482781	SITE517	3.42732603661716	*
chr8	81310040	81310046	SITE1099	3.406554363667965	*
chr19	21245967	21245973	SITE461	3.3961685271933675	*
chr4	173238568	173238574	SITE867	3.38578269071877	*
chr19	58554565	58554571	SITE485	3.38578269071877	*
chr6	20556323	20556329	SITE946	3.3753968542441726	*
chrX	112040959	112040965	SITE1202	3.34423934482038	*
chr2	47983763	47983769	SITE705	3.313081835396588	*
chr3	177867832	177867838	SITE805	3.313081835396588	*
chr8	22976176	22976182	SITE1073	3.3026959095150232	*
chr3	109343711	109343717	SITE781	3.292310162447393	*
chr10	23462158	23462164	SITE21	3.292310162447393	*
chr10	91598233	91598239	SITE38	3.2819243259727955	*
chr12	76342363	76342369	SITE146	3.2819243259727955	*
chr9	139286444	139286450	SITE1171	3.2715384420007467	*
chr8	42169467	42169473	SITE1084	3.2611526530236006	*
chr10	13698886	13698892	SITE14	3.2403809800744057	*
chr16	69180855	69180861	SITE313	3.2403809800744057	*
chr2	10219818	10219824	SITE683	3.240380924195051	*
chr4	1358306	1358312	SITE817	3.2196093071252108	*
chr2	38984570	38984576	SITE699	3.2092234706506133	*
chr1	15178339	15178345	SITE500	3.198837634176016	*
chr20	5033038	5033044	SITE587	3.1884517977014184	*
chr4	76860631	76860637	SITE838	3.178065961226821	*
chr11	59408143	59408149	SITE80	3.1676801247522235	*
chr9	139808759	139808765	SITE1172	3.157294288277626	*
chr19	5662714	5662720	SITE438	3.157294288277626	*
chr21	47849381	47849387	SITE631	3.157294288277626	*
chr1	2063313	2063319	SITE487	3.0742075964808464	*
chr9	130007677	130007683	SITE1158	3.0742075964808464	*
chr2	155562657	155562663	SITE728	3.063821760006249	*
chr20	25202649	25202655	SITE598	3.043050087057054	*
chr13	52950525	52950531	SITE186	3.0326642505824566	*
chr1	27687247	27687253	SITE512	3.022278414107859	*
chr15	48036922	48036928	SITE259	3.0222783479839563	*
chrX	70862029	70862035	SITE1194	3.0118925776332617	*
chr22	20785434	20785440	SITE647	2.9911209046840668	*
chr15	52290360	52290366	SITE260	2.970349231734872	*
chr20	1885968	1885974	SITE583	2.970349231734872	*
chr11	116424904	116424910	SITE115	2.9599633626639843	*
chr7	139352782	139352788	SITE1051	2.9391917223110795	*
chr16	70762109	70762115	SITE315	2.928805885836482	*
chr8	11534092	11534098	SITE1065	2.9184200493618846	*
chr8	75831269	75831275	SITE1097	2.908034212887287	*
chr16	4601221	4601227	SITE295	2.8664908669888973	*
chr4	106000564	106000570	SITE846	2.845719136297703	*
chr11	35965767	35965773	SITE74	2.8249475210905075	*
chr19	3423146	3423152	SITE434	2.8041758481413126	*
chr19	3952675	3952681	SITE436	2.7730183387175202	*
chr10	128021698	128021704	SITE54	2.7730182697996497	*
chr17	8162428	8162434	SITE348	2.7522466657683253	*
chr17	55939364	55939370	SITE378	2.752246650867164	*
chr20	62130198	62130204	SITE618	2.6899316450580955	*
chr6	3404079	3404085	SITE936	2.6691599739715457	*
chr13	109445584	109445590	SITE200	2.6587741374969482	*
chr13	29101777	29101783	SITE183	2.586073282174766	*
chr15	27157268	27157274	SITE249	2.586073282174766	*
chr8	1800030	1800036	SITE1060	2.5445299362763762	*
chr6	101398545	101398551	SITE971	2.534144099801779	*
chr18	5561039	5561045	SITE395	2.534144099801779	*
chr3	57560638	57560644	SITE769	2.471829080954194	*
chr5	169863460	169863466	SITE924	2.471829080954194	*
chr9	69904998	69905004	SITE1136	2.451057408004999	*
chr20	2508552	2508558	SITE584	2.4095140621066093	*
chr7	111094251	111094257	SITE1043	2.378356552682817	*
chr1	93476161	93476167	SITE531	2.3575848462060094	*
chr17	40000076	40000082	SITE371	2.3471990320831537	*
chr14	95874326	95874332	SITE240	2.3264273703098297	*
chr4	170553818	170553824	SITE864	2.2952698608860373	*
chr3	126434166	126434172	SITE790	2.28488402441144	*
chr16	24832989	24832995	SITE304	2.28488402441144	*
chr18	63212313	63212319	SITE421	2.2744981879368424	*
chr3	26035316	26035322	SITE758	2.2744981311261654	*
chr6	19811187	19811193	SITE944	2.2537265149876475	*
chr7	67177172	67177178	SITE1020	2.2537265066057444	*
chr6	8049554	8049560	SITE937	2.222569005563855	*
chr8	8682373	8682379	SITE1063	2.2017973326146603	*
chr6	18122251	18122257	SITE943	2.1810256596654654	*
chr19	11251607	11251613	SITE446	2.1810256596654654	*
chr7	30335101	30335107	SITE1008	2.170639823190868	*
chr6	89707440	89707446	SITE969	2.149868150241673	*
chr13	55645640	55645646	SITE187	2.1394823137670755	*
chr16	88770157	88770163	SITE327	2.1394823137670755	*
chr7	12151467	12151473	SITE1001	2.0667814584448934	*
chr17	12887071	12887077	SITE353	2.0460097854956985	*
chr15	79224743	79224749	SITE277	2.014852276071906	*
chr19	11594576	11594582	SITE447	1.9940806031227112	*
chr8	71956557	71956563	SITE1095	1.9733089301735163	*
chr12	100579770	100579776	SITE149	1.9733089301735163	*
chr19	6455951	6455957	SITE440	1.9629230936989188	*
chr19	11689711	11689717	SITE448	1.9525372572243214	*
chr10	4171658	4171664	SITE6	1.9109939113259315	*
chr12	54173585	54173591	SITE143	1.9109939113259315	*
chr16	53478710	53478716	SITE310	1.9109939113259315	*
chr17	33964266	33964272	SITE366	1.8590647289529443	*
chr21	38738744	38738750	SITE626	1.7967496681958437	*
chr19	17377567	17377573	SITE457	1.7759780371561646	*
chr3	69589294	69589300	SITE773	1.7655922006815672	*
chr3	39850971	39850977	SITE760	1.7552063642069697	*
chr18	29670993	29670999	SITE409	1.7552063642069697	*
chr8	75142250	75142256	SITE1096	1.7448205277323723	*
chr11	123371443	123371449	SITE120	1.6825055088847876	*
chr12	112296410	112296416	SITE157	1.6825055088847876	*
chr19	45381084	45381090	SITE476	1.6825055088847876	*
chr10	17536237	17536243	SITE17	1.6409621629863977	*
chr8	21656792	21656798	SITE1069	1.6305763265118003	*
chr16	86572527	86572533	SITE324	1.6305763265118003	*
chr9	126779815	126779821	SITE1155	1.6098046535626054	*
chr17	42314919	42314925	SITE373	1.599418817088008	*
chr7	70051134	70051140	SITE1022	1.5890329349786043	*
chr16	743510	743516	SITE289	1.5163321252912283	*
chrX	107952875	107952881	SITE1200	1.5163321252912283	*
chr3	77088186	77088192	SITE774	1.4955604523420334	*
chrX	150695580	150695586	SITE1209	1.4955604076385498	*
chr7	128311198	128311204	SITE1047	1.464402942918241	*
chr1	19812155	19812161	SITE504	1.4436312699690461	*
chr17	1318356	1318362	SITE334	1.4124737605452538	*
chr5	78788979	78788985	SITE902	1.350158741697669	*
chr20	9703210	9703216	SITE589	1.3397729052230716	*
chr22	31871796	31871802	SITE652	1.3397729052230716	*
chr13	114221734	114221740	SITE203	1.3086153957992792	*
chr9	71361976	71361982	SITE1138	1.2982295593246818	*
chr9	141092508	141092514	SITE1174	1.2878437228500843	*
chr16	4667172	4667178	SITE296	1.2878437228500843	*
chr16	87985269	87985275	SITE325	1.2878437228500843	*
chr17	15174058	15174064	SITE355	1.2878437228500843	*
chr13	111193039	111193045	SITE201	1.2670720499008894	*
chr2	28098370	28098376	SITE693	1.256686213426292	*
chr17	71641225	71641231	SITE387	1.2463003769516945	*
chr5	169063684	169063690	SITE923	1.2255287040024996	*
chr9	66724824	66724830	SITE1134	1.2047570310533047	*
chr15	88799657	88799663	SITE279	1.2047570310533047	*
chr3	187918100	187918106	SITE809	1.1943711945787072	*
chr19	13216937	13216943	SITE452	1.1943711945787072	*
chr8	42389372	42389378	SITE1085	1.1839853581041098	*
chr4	3873093	3873099	SITE820	1.14244201220572	*
chr2	54858435	54858441	SITE707	1.121670339256525	*
chrX	134058101	134058107	SITE1204	1.1008986663073301	*
chr16	70740078	70740084	SITE314	1.0905128298327327	*
chrX	111291579	111291585	SITE1201	1.0801269933581352	*
chr18	74843969	74843975	SITE422	1.0385836474597454	*
chr8	94920285	94920291	SITE1102	1.0178119745105505	*
chr15	79186988	79186994	SITE276	0.9347252827137709	*
chr1	14142688	14142694	SITE498	0.9139535827562213	*
chr2	189390068	189390074	SITE737	0.8931819181889296	*
chr22	40111418	40111424	SITE659	0.8412527544423938	*
chr15	91346892	91346898	SITE281	0.7477802261710167	*
chr15	74912477	74912483	SITE273	0.6958510437980294	*
chr1	52805022	52805028	SITE519	0.6439218614250422	*
chr1	88233221	88233227	SITE525	0.6231501884758472	*
chr8	56666601	56666607	SITE1088	0.6231501884758472	*
chr7	68067757	68067763	SITE1021	0.6023785155266523	*
chr3	38348016	38348022	SITE759	0.5816068425774574	*
chr5	85006273	85006279	SITE905	0.5816068425774574	*
chr6	74024919	74024925	SITE966	0.5608351696282625	*
chr13	20350141	20350147	SITE177	0.5608351696282625	*
chr22	20713611	20713617	SITE643	0.5608351696282625	*
chr1	154475470	154475476	SITE544	0.4985201507806778	*
chr4	147985889	147985895	SITE856	0.4985201507806778	*
chr22	20712094	20712100	SITE641	0.48813431430608034	*
chrX	44622260	44622266	SITE1188	0.48813431430608034	*
chr11	6518816	6518822	SITE67	0.48813430592417717	*
chr11	8937248	8937254	SITE68	0.456976804882288	*
chr15	75202414	75202420	SITE274	0.43620513193309307	*
chrX	1585385	1585391	SITE1177	0.41543345898389816	*
chr13	92600432	92600438	SITE195	0.3635042766109109	*
chr10	2011012	2011018	SITE3	0.35311844013631344	*
chr22	20712772	20712778	SITE642	0.35311844013631344	*
chr9	127905487	127905493	SITE1157	0.342732603661716	*
chr9	117992841	117992847	SITE1152	0.33234676718711853	*
chr11	91092571	91092577	SITE104	0.3115750942379236	*
chr14	21493950	21493956	SITE206	0.3115750942379236	*
chr5	179921930	179921936	SITE933	0.2908034212887287	*
chr16	86159967	86159973	SITE323	0.25964591186493635	*
chr13	112281489	112281495	SITE202	0.228488402441144	*
chr22	20711089	20711095	SITE637	0.19733089301735163	*
chr16	82947242	82947248	SITE321	0.12463003769516945	*
chr7	133063014	133063020	SITE1049	0.114244201220572	*
chr2	6908791	6908797	SITE679	0.08308669179677963	*
chr4	186141698	186141704	SITE874	0.07270085532218218	*
chr13	21769349	21769355	SITE178	0.05192918237298727	*
chr5	165239109	165239115	SITE921	0.041543345898389816	*
chr17	4088158	4088164	SITE340	0.020771672949194908	*
chr1	4675522	4675528	SITE492	0	*
chr1	6269442	6269448	SITE494	0	*
chr1	22019577	22019583	SITE507	0	*
chr1	190594515	190594521	SITE558	0	*
chr1	240161061	240161067	SITE575	0	*
chr2	620219	620225	SITE675	0	*
chr2	1878981	1878987	SITE676	0	*
chr2	130763678	130763684	SITE724	0	*
chr2	223087656	223087662	SITE746	0	*
chr3	47005080	47005086	SITE761	0	*
chr3	122058652	122058658	SITE786	0	*
chr3	165844714	165844720	SITE802	0	*
chr3	197865108	197865114	SITE816	0	*
chr4	2897677	2897683	SITE819	0	*
chr4	5771262	5771268	SITE822	0	*
chr4	6930212	6930218	SITE823	0	*
chr4	8614921	8614927	SITE824	0	*
chr4	95890532	95890538	SITE844	0	*
chr4	117636588	117636594	SITE848	0	*
chr4	118692966	118692972	SITE849	0	*
chr4	135257873	135257879	SITE852	0	*
chr4	143575008	143575014	SITE854	0	*
chr4	162554561	162554567	SITE861	0	*
chr4	163108695	163108701	SITE862	0	*
chr4	177265829	177265835	SITE869	0	*
chr5	81434806	81434812	SITE904	0	*
chr5	170737930	170737936	SITE925	0	*
chr5	175415109	175415115	SITE926	0	*
chr5	177282691	177282697	SITE928	0	*
chr6	159590468	159590474	SITE980	0	*
chr7	124902204	124902210	SITE1045	0	*
chr7	155242616	155242622	SITE1055	0	*
chr8	32365869	32365875	SITE1081	0	*
chr8	50037510	50037516	SITE1086	0	*
chr9	43358333	43358339	SITE1131	0	*
chr9	44517246	44517252	SITE1132	0	*
chr9	45147630	45147636	SITE1133	0	*
chr9	67644676	67644682	SITE1135	0	*
chr9	90113172	90113178	SITE1143	0	*
chr9	120315937	120315943	SITE1154	0	*
chr9	137218077	137218083	SITE1166	0	*
chr10	517556	517562	SITE1	0	*
chr10	5892798	5892804	SITE7	0	*
chr10	89029519	89029525	SITE35	0	*
chr10	89227963	89227969	SITE36	0	*
chr10	134993229	134993235	SITE62	0	*
chr11	4137501	4137507	SITE66	0	*
chr11	62338089	62338095	SITE82	0	*
chr11	122566720	122566726	SITE119	0	*
chr11	123777498	123777504	SITE122	0	*
chr13	34256279	34256285	SITE185	0	*
chr13	71756816	71756822	SITE189	0	*
chr13	76018500	76018506	SITE190	0	*
chr13	88324516	88324522	SITE193	0	*
chr13	89504834	89504840	SITE194	0	*
chr13	93470328	93470334	SITE196	0	*
chr13	99738832	99738838	SITE197	0	*
chr14	19198134	19198140	SITE205	0	*
chr14	91565827	91565833	SITE238	0	*
chr14	91587901	91587907	SITE239	0	*
chr14	101350497	101350503	SITE243	0	*
chr14	104546068	104546074	SITE246	0	*
chr15	101606567	101606573	SITE287	0	*
chr16	16160710	16160716	SITE298	0	*
chr16	21560202	21560208	SITE302	0	*
chr16	25275107	25275113	SITE305	0	*
chr16	33389286	33389292	SITE309	0	*
chr17	747737	747743	SITE332	0	*
chr17	1262074	1262080	SITE333	0	*
chr17	6617318	6617324	SITE345	0	*
chr18	41342901	41342907	SITE412	0	*
chr19	935853	935859	SITE426	0	*
chr19	14314860	14314866	SITE453	0	*
chr19	17007420	17007426	SITE456	0	*
chr19	19868148	19868154	SITE460	0	*
chr20	13612649	13612655	SITE592	0	*
chr20	25977948	25977954	SITE599	0	*
chr20	39436197	39436203	SITE606	0	*
chr22	16625524	16625530	SITE632	0	*
chr22	20709491	20709497	SITE635	0	*
chr22	20709791	20709797	SITE636	0	*
chr22	20711308	20711314	SITE638	0	*
chr22	20711605	20711611	SITE639	0	*
chr22	20711767	20711773	SITE640	0	*
chr22	20714532	20714538	SITE644	0	*
chr22	44552222	44552228	SITE667	0	*
chrX	15782741	15782747	SITE1181	0	*
chrX	23864688	23864694	SITE1183	0	*
chrX	37430900	37430906	SITE1186	0	*
chrX	55502733	55502739	SITE1192	0	*
chrX	55523333	55523339	SITE1193	0	*
chrX	105457581	105457587	SITE1198	0	*
chrX	139174473	139174479	SITE1206	0	*
chrX	150560595	150560601	SITE1208	0	*
chrX	153664762	153664768	SITE1211	0	*
